ub,seb,veb,fb,normal
0.3114703139571029,0.1850301525363604,0.7263344800799023,0.11805555555555555,0.996669155228852
